{"loss": [1.0428194999694824, 0.7435202598571777, 0.5008904337882996, 0.38377755880355835, 0.2894076406955719, 0.24207262694835663, 0.204027459025383, 0.14921879768371582, 0.11898382008075714, 0.10404360294342041, 0.10760096460580826, 0.09269348531961441, 0.06866295635700226, 0.0651177391409874, 0.03997866064310074, 0.04360073432326317, 0.05029179900884628, 0.0911383107304573, 0.0440807081758976, 0.03374915570020676, 0.03051004745066166, 0.034087181091308594, 0.02975783497095108, 0.019534749910235405, 0.009975524619221687, 0.06582895666360855, 0.03326743468642235, 0.021025849506258965, 0.03452836722135544, 0.006395997013896704, 0.0019536151085048914, 0.000291615491732955, 0.00011810980504378676, 6.549408135470003e-05, 7.883548823883757e-05, 5.0678128900472075e-05, 3.7483951018657535e-05, 4.2229879909427837e-05, 4.529069337877445e-05, 2.8230973839526996e-05], 
"accuracy": [0.5019993782043457, 0.6948631405830383, 0.812980592250824, 0.854198694229126, 0.8889572620391846, 0.9215626120567322, 0.927099347114563, 0.9461703896522522, 0.9590895175933838, 0.963395893573761, 0.9618579149246216, 0.9704706072807312, 0.9769302010536194, 0.9787757396697998, 0.985542893409729, 0.9833897352218628, 0.9796985387802124, 0.9677022695541382, 0.9846200942993164, 0.9873884916305542, 0.9913872480392456, 0.9898492693901062, 0.9920024871826172, 0.9935404658317566, 0.9960012435913086, 0.9778529405593872, 0.9898492693901062, 0.9935404658317566, 0.9913872480392456, 0.9990772008895874, 1.0, 1.0, 1.0, 1.0, 1.0, 1.0, 1.0, 1.0, 1.0, 1.0], 
"val_loss": [0.7936648726463318, 0.6274693608283997, 0.3876597285270691, 0.26935088634490967, 0.23698295652866364, 0.264512836933136, 0.20078131556510925, 0.17772935330867767, 0.2029476910829544, 0.18190568685531616, 0.21901434659957886, 0.18067553639411926, 0.19538068771362305, 0.18302151560783386, 0.17593476176261902, 0.16951070725917816, 0.22070440649986267, 0.3143753707408905, 0.19067217409610748, 0.262758731842041, 0.22065497934818268, 0.25803878903388977, 0.4144998788833618, 0.22630082070827484, 0.17120298743247986, 0.17155124247074127, 0.17574664950370789, 0.292168527841568, 0.2531430125236511, 0.23354119062423706, 0.24836990237236023, 0.2410111129283905, 0.23891432583332062, 0.24696019291877747, 0.23257514834403992, 0.23863282799720764, 0.24574702978134155, 0.2444058507680893, 0.24214845895767212, 0.2507376968860626], 
"val_accuracy": [0.6586538553237915, 0.7091346383094788, 0.8365384340286255, 0.90625, 0.9158653616905212, 0.8870192170143127, 0.9350961446762085, 0.9278846383094788, 0.932692289352417, 0.9399038553237915, 0.9158653616905212, 0.9399038553237915, 0.9375, 0.9399038553237915, 0.9495192170143127, 0.9447115659713745, 0.9399038553237915, 0.9134615659713745, 0.9567307829856873, 0.9350961446762085, 0.9399038553237915, 0.9350961446762085, 0.90625, 0.9495192170143127, 0.9447115659713745, 0.9471153616905212, 0.9495192170143127, 0.9471153616905212, 0.9350961446762085, 0.9447115659713745, 0.9591346383094788, 0.9567307829856873, 0.9567307829856873, 0.9543269276618958, 0.9615384340286255, 0.9591346383094788, 0.9591346383094788, 0.9543269276618958, 0.9615384340286255, 0.9591346383094788]}